{"title":"SCALE-C_Microlearning Template v0","language":"de","mainLibrary":"H5P.CoursePresentation","embedTypes":["div"],"license":"U","defaultLanguage":"de","preloadedDependencies":[{"machineName":"H5P.AdvancedText","majorVersion":"1","minorVersion":"1"},{"machineName":"H5P.SingleChoiceSet","majorVersion":"1","minorVersion":"11"},{"machineName":"FontAwesome","majorVersion":"4","minorVersion":"5"},{"machineName":"H5P.JoubelUI","majorVersion":"1","minorVersion":"3"},{"machineName":"H5P.FontIcons","majorVersion":"1","minorVersion":"0"},{"machineName":"H5P.Transition","majorVersion":"1","minorVersion":"0"},{"machineName":"H5P.Question","majorVersion":"1","minorVersion":"5"},{"machineName":"H5P.Dialogcards","majorVersion":"1","minorVersion":"9"},{"machineName":"H5P.Audio","majorVersion":"1","minorVersion":"5"},{"machineName":"H5P.MarkTheWords","majorVersion":"1","minorVersion":"11"},{"machineName":"H5P.Summary","majorVersion":"1","minorVersion":"10"},{"machineName":"H5P.DragText","majorVersion":"1","minorVersion":"10"},{"machineName":"jQuery.ui","majorVersion":"1","minorVersion":"10"},{"machineName":"H5P.CoursePresentation","majorVersion":"1","minorVersion":"25"}]}