{
  "presentation": {
    "slides": [
        {"elements": [{"action": {"library": "H5P.AdvancedText 1.1", "metadata": {"contentType": "Text", "license": "U", "title": "Unbenannt: Text"}, "params": {"text": "\u003ch2\u003eWas ist ein Virus?\u003c/h2\u003e"}, "subContentId": "4a0369e8-743a-11f0-a2e6-e4c76722b383"}, "alwaysDisplayComments": false, "backgroundOpacity": 0, "buttonSize": "big", "displayAsButton": false, "goToSlideType": "specified", "height": 10, "invisible": false, "solution": "", "width": 90, "x": 5, "y": 5}, {"action": {"library": "H5P.AdvancedText 1.1", "metadata": {"contentType": "Text", "license": "U", "title": "Unbenannt: Text"}, "params": {"text": "Ein Virus ist ein winziges, infekti\u00f6ses Partikel, das aus genetischem Material und einer Proteinh\u00fclle besteht. \ud83e\uddec\ud83d\udc40"}, "subContentId": "4a038aaa-743a-11f0-a1ee-e4c76722b383"}, "alwaysDisplayComments": false, "backgroundOpacity": 0, "buttonSize": "big", "displayAsButton": false, "goToSlideType": "specified", "height": 75, "invisible": false, "solution": "", "width": 80, "x": 10, "y": 20}]},
        {"elements": [{"action": {"library": "H5P.AdvancedText 1.1", "metadata": {"contentType": "Text", "license": "U", "title": "Unbenannt: Text"}, "params": {"text": "\u003ch2\u003eVirusarten\u003c/h2\u003e"}, "subContentId": "4a03e37b-743a-11f0-92e0-e4c76722b383"}, "alwaysDisplayComments": false, "backgroundOpacity": 0, "buttonSize": "big", "displayAsButton": false, "goToSlideType": "specified", "height": 10, "invisible": false, "solution": "", "width": 90, "x": 5, "y": 5}, {"action": {"library": "H5P.SingleChoiceSet 1.11", "metadata": {"contentType": "Single Choice Set", "license": "U", "title": "Teste Dein Wissen!"}, "params": {"behaviour": {"autoContinue": true, "enableRetry": true, "enableSolutionsButton": true, "passPercentage": 100, "soundEffectsEnabled": true, "timeoutCorrect": 2000, "timeoutWrong": 3000}, "choices": [{"answers": ["Influenzavirus", "HIV", "Ebola", "SARS-CoV-2"], "question": "Welche Art von Viren verursacht die Grippe?", "subContentId": "4a03fb8e-743a-11f0-9cb2-e4c76722b383"}, {"answers": ["HIV", "Influenzavirus", "Ebola", "SARS-CoV-2"], "question": "Welche Art von Viren verursacht AIDS?", "subContentId": "4a03fde2-743a-11f0-8367-e4c76722b383"}], "l10n": {"a11yRetry": "Die Aufgabe wiederholen. Alle Versuche werden zur\u00fcckgesetzt und die Aufgabe wird erneut gestartet.", "a11yShowSolution": "Die L\u00f6sung anzeigen. Die richtigen L\u00f6sungen werden in der Aufgabe angezeigt.", "closeButtonLabel": "Schlie\u00dfen", "correctText": "Richtig!", "incorrectText": "Falsch!", "muteButtonLabel": "Stumm schalten", "nextButtonLabel": "Weiter", "retryButtonLabel": "Wiederholen", "scoreBarLabel": "Du hast :num von :total Punkten erreicht.", "shouldNotSelect": "H\u00e4tte nicht gew\u00e4hlt werden sollen", "shouldSelect": "H\u00e4tte gew\u00e4hlt werden m\u00fcssen", "showSolutionButtonLabel": "L\u00f6sung anzeigen", "slideOfTotal": "Seite :num von :total", "solutionListQuestionNumber": "Frage :num", "solutionViewTitle": "L\u00f6sung"}, "overallFeedback": [{"feedback": "Da ist noch ganz sch\u00f6n viel Luft nach oben!", "from": 0, "to": 50}, {"feedback": "Das ist schon ganz gut, aber noch nicht perfekt!", "from": 51, "to": 80}, {"feedback": "Sehr gut!", "from": 81, "to": 90}, {"feedback": "Ausgezeichnet!", "from": 91, "to": 99}, {"feedback": "Excellent!", "from": 100, "to": 100}]}, "subContentId": "4a03feee-743a-11f0-a582-e4c76722b383"}, "alwaysDisplayComments": false, "backgroundOpacity": 0, "buttonSize": "big", "displayAsButton": false, "goToSlideType": "specified", "height": 75, "invisible": false, "solution": "", "width": 80, "x": 10, "y": 20}]},
        {"elements": [{"action": {"library": "H5P.AdvancedText 1.1", "metadata": {"contentType": "Text", "license": "U", "title": "Unbenannt: Text"}, "params": {"text": "\u003ch2\u003eVirus\u00fcbertragung\u003c/h2\u003e"}, "subContentId": "4a0445f5-743a-11f0-b477-e4c76722b383"}, "alwaysDisplayComments": false, "backgroundOpacity": 0, "buttonSize": "big", "displayAsButton": false, "goToSlideType": "specified", "height": 10, "invisible": false, "solution": "", "width": 90, "x": 5, "y": 5}, {"action": {"library": "H5P.DragText 1.10", "metadata": {"contentType": "Drag the Words", "license": "U", "title": "Drag the Words"}, "params": {"a11yCheck": "Check the answers. The responses will be marked as correct, incorrect, or unanswered.", "a11yRetry": "Retry the task. Reset all responses and start the task over again.", "a11yShowSolution": "Show the solution. The task will be marked with its correct solution.", "ariaDraggableIndex": "@index of @count draggables.", "behaviour": {"enableCheckButton": true, "enableRetry": true, "enableSolutionsButton": false, "instantFeedback": false}, "cancelledDragging": "Cancelled dragging.", "checkAnswer": "Check", "contains": "Drop Zone @index contains draggable @draggable.", "correctAnswer": "Correct answer:", "correctText": "Correct!", "dropZoneIndex": "Drop Zone @index.", "empty": "Drop Zone @index is empty.", "feedbackHeader": "Feedback", "grabbed": "Draggable is grabbed.", "incorrectText": "Incorrect!", "media": {"disableImageZooming": false}, "overallFeedback": [{"feedback": "Da geht noch mehr!", "from": 0, "to": 80}, {"feedback": "Ausgezeichnet!", "from": 81, "to": 100}], "resetDropDescription": "Are you sure you want to reset this drop zone?", "resetDropTitle": "Reset drop", "scoreBarLabel": "You got :num out of :total points", "showSolution": "Show solution", "submitAnswer": "Submit", "taskDescription": "Trage die W\u00f6rter in den L\u00fcckentext ein.", "textField": "Viren k\u00f6nnen durch *Luft*, *Wasser*, *Nahrung* und *K\u00f6rperkontakt* \u00fcbertragen werden. \ud83c\udf1f\ud83d\udc40", "tipLabel": "Show tip", "tryAgain": "Retry"}, "subContentId": "4a045623-743a-11f0-9c1c-e4c76722b383"}, "alwaysDisplayComments": false, "backgroundOpacity": 0, "buttonSize": "big", "displayAsButton": false, "goToSlideType": "specified", "height": 75, "invisible": false, "solution": "", "width": 80, "x": 10, "y": 20}]},
        {"elements": [{"action": {"library": "H5P.AdvancedText 1.1", "metadata": {"contentType": "Text", "license": "U", "title": "Unbenannt: Text"}, "params": {"text": "\u003ch2\u003eVirus-Schutzma\u00dfnahmen\u003c/h2\u003e"}, "subContentId": "4a04655b-743a-11f0-ba9b-e4c76722b383"}, "alwaysDisplayComments": false, "backgroundOpacity": 0, "buttonSize": "big", "displayAsButton": false, "goToSlideType": "specified", "height": 10, "invisible": false, "solution": "", "width": 90, "x": 5, "y": 5}, {"action": {"library": "H5P.Dialogcards 1.9", "metadata": {"contentType": "Dialog Cards", "license": "U", "title": "Lernziele"}, "params": {"answer": "Umdrehen", "audioNotSupported": "Dein Browser unterst\u00fctzt diese Tondatei nicht", "behaviour": {"disableBackwardsNavigation": false, "enableRetry": true, "maxProficiency": 5, "quickProgression": false, "randomCards": false, "scaleTextNotCard": false}, "cardBackLabel": "Kartenr\u00fcckseite", "cardFrontLabel": "Kartenvorderseite", "cardsLeft": "Verbleibende Karten: @number", "confirmStartingOver": {"body": "Dein gesamter Fortschritt bisher wird gel\u00f6scht. Bist du sicher, dass du von vorne anfangen m\u00f6chtest?", "cancelLabel": "Abbrechen", "confirmLabel": "Ja, von vorne anfangen", "header": "Von vorne anfangen?"}, "correctAnswer": "Ich hatte es richtig!", "description": "", "dialogs": [{"answer": "\u003cp\u003e\u003cstrong\u003eAntwort:\u003c/strong\u003e\u003c/p\u003e\u003cp\u003eRegelm\u00e4\u00dfiges *H\u00e4ndewaschen*, *Impfungen*, *gesunde Ern\u00e4hrung* und *ausreichend Schlaf* k\u00f6nnen helfen, das Immunsystem zu st\u00e4rken.\u003c/p\u003e", "text": "\u003cp\u003eWie kann man sich vor Viren sch\u00fctzen?\u003c/p\u003e", "tips": {}}, {"answer": "\u003cp\u003e\u003cstrong\u003eAntwort:\u003c/strong\u003e\u003c/p\u003e\u003cp\u003eImpfungen helfen, das Risiko einer Infektion zu reduzieren und die Ausbreitung von Viren zu verhindern.\u003c/p\u003e", "text": "\u003cp\u003eWarum ist es wichtig, sich impfen zu lassen?\u003c/p\u003e", "tips": {}}], "incorrectAnswer": "Ich hatte es falsch!", "mode": "normal", "next": "Weiter", "nextRound": "Weiter mit Runde @round", "prev": "Zur\u00fcck", "progressText": "Karte @card von @total", "retry": "Wiederholen", "round": "Runde @round", "showSummary": "Weiter", "startOver": "Von vorne anfangen", "summary": "Zusammenfassung", "summaryAllDone": "Gut gemacht! Du hattest alle @cards Karten @max -mal hintereinander richtig!", "summaryCardsCompleted": "Karten, die du fertig gelernt hast:", "summaryCardsNotShown": "Nicht angezeigt Karten:", "summaryCardsRight": "Richtige Karten:", "summaryCardsWrong": "Falsche Karten:", "summaryCompletedRounds": "Abgeschlossene Runden:", "summaryOverallScore": "Gesamtpunkte", "tipButtonLabel": "Tipp anzeigen", "title": ""}, "subContentId": "4a046cfd-743a-11f0-a990-e4c76722b383"}, "height": 75, "width": 80, "x": 10, "y": 20}]},
        {"elements": [{"action": {"library": "H5P.AdvancedText 1.1", "metadata": {"contentType": "Text", "license": "U", "title": "Unbenannt: Text"}, "params": {"text": "\u003ch2\u003eVirus-Behandlung\u003c/h2\u003e"}, "subContentId": "4a047996-743a-11f0-a75e-e4c76722b383"}, "alwaysDisplayComments": false, "backgroundOpacity": 0, "buttonSize": "big", "displayAsButton": false, "goToSlideType": "specified", "height": 10, "invisible": false, "solution": "", "width": 90, "x": 5, "y": 5}, {"action": {"library": "H5P.SingleChoiceSet 1.11", "metadata": {"contentType": "Single Choice Set", "license": "U", "title": "Teste Dein Wissen!"}, "params": {"behaviour": {"autoContinue": true, "enableRetry": true, "enableSolutionsButton": true, "passPercentage": 100, "soundEffectsEnabled": true, "timeoutCorrect": 2000, "timeoutWrong": 3000}, "choices": [{"answers": ["Antivirale Medikamente", "Antibiotika", "Chirurgie", "Physiotherapie"], "question": "Welche Behandlungsmethode wird bei einer Grippe-Infektion eingesetzt?", "subContentId": "4a0480ba-743a-11f0-a377-e4c76722b383"}], "l10n": {"a11yRetry": "Die Aufgabe wiederholen. Alle Versuche werden zur\u00fcckgesetzt und die Aufgabe wird erneut gestartet.", "a11yShowSolution": "Die L\u00f6sung anzeigen. Die richtigen L\u00f6sungen werden in der Aufgabe angezeigt.", "closeButtonLabel": "Schlie\u00dfen", "correctText": "Richtig!", "incorrectText": "Falsch!", "muteButtonLabel": "Stumm schalten", "nextButtonLabel": "Weiter", "retryButtonLabel": "Wiederholen", "scoreBarLabel": "Du hast :num von :total Punkten erreicht.", "shouldNotSelect": "H\u00e4tte nicht gew\u00e4hlt werden sollen", "shouldSelect": "H\u00e4tte gew\u00e4hlt werden m\u00fcssen", "showSolutionButtonLabel": "L\u00f6sung anzeigen", "slideOfTotal": "Seite :num von :total", "solutionListQuestionNumber": "Frage :num", "solutionViewTitle": "L\u00f6sung"}, "overallFeedback": [{"feedback": "Da ist noch ganz sch\u00f6n viel Luft nach oben!", "from": 0, "to": 50}, {"feedback": "Das ist schon ganz gut, aber noch nicht perfekt!", "from": 51, "to": 80}, {"feedback": "Sehr gut!", "from": 81, "to": 90}, {"feedback": "Ausgezeichnet!", "from": 91, "to": 99}, {"feedback": "Excellent!", "from": 100, "to": 100}]}, "subContentId": "4a048224-743a-11f0-9142-e4c76722b383"}, "alwaysDisplayComments": false, "backgroundOpacity": 0, "buttonSize": "big", "displayAsButton": false, "goToSlideType": "specified", "height": 75, "invisible": false, "solution": "", "width": 80, "x": 10, "y": 20}]},
        {"elements": [{"action": {"library": "H5P.AdvancedText 1.1", "metadata": {"contentType": "Text", "license": "U", "title": "Unbenannt: Text"}, "params": {"text": "\u003ch2\u003eVirus-Forschung\u003c/h2\u003e"}, "subContentId": "4a049482-743a-11f0-832f-e4c76722b383"}, "alwaysDisplayComments": false, "backgroundOpacity": 0, "buttonSize": "big", "displayAsButton": false, "goToSlideType": "specified", "height": 10, "invisible": false, "solution": "", "width": 90, "x": 5, "y": 5}, {"action": {"library": "H5P.AdvancedText 1.1", "metadata": {"contentType": "Text", "license": "U", "title": "Unbenannt: Text"}, "params": {"text": "Die Forschung an Viren ist wichtig, um neue *Impfstoffe* und *Medikamente* zu entwickeln und die Ausbreitung von Viren zu verhindern. \ud83e\uddec\ud83d\udd2c"}, "subContentId": "4a049a2f-743a-11f0-9650-e4c76722b383"}, "alwaysDisplayComments": false, "backgroundOpacity": 0, "buttonSize": "big", "displayAsButton": false, "goToSlideType": "specified", "height": 75, "invisible": false, "solution": "", "width": 80, "x": 10, "y": 20}]},
        {"elements": [{"action": {"library": "H5P.AdvancedText 1.1", "metadata": {"contentType": "Text", "license": "U", "title": "Unbenannt: Text"}, "params": {"text": "\u003ch2\u003eVirus-Mythen\u003c/h2\u003e"}, "subContentId": "4a04a20a-743a-11f0-81a0-e4c76722b383"}, "alwaysDisplayComments": false, "backgroundOpacity": 0, "buttonSize": "big", "displayAsButton": false, "goToSlideType": "specified", "height": 10, "invisible": false, "solution": "", "width": 90, "x": 5, "y": 5}, {"action": {"library": "H5P.DragText 1.10", "metadata": {"contentType": "Drag the Words", "license": "U", "title": "Drag the Words"}, "params": {"a11yCheck": "Check the answers. The responses will be marked as correct, incorrect, or unanswered.", "a11yRetry": "Retry the task. Reset all responses and start the task over again.", "a11yShowSolution": "Show the solution. The task will be marked with its correct solution.", "ariaDraggableIndex": "@index of @count draggables.", "behaviour": {"enableCheckButton": true, "enableRetry": true, "enableSolutionsButton": false, "instantFeedback": false}, "cancelledDragging": "Cancelled dragging.", "checkAnswer": "Check", "contains": "Drop Zone @index contains draggable @draggable.", "correctAnswer": "Correct answer:", "correctText": "Correct!", "dropZoneIndex": "Drop Zone @index.", "empty": "Drop Zone @index is empty.", "feedbackHeader": "Feedback", "grabbed": "Draggable is grabbed.", "incorrectText": "Incorrect!", "media": {"disableImageZooming": false}, "overallFeedback": [{"feedback": "Da geht noch mehr!", "from": 0, "to": 80}, {"feedback": "Ausgezeichnet!", "from": 81, "to": 100}], "resetDropDescription": "Are you sure you want to reset this drop zone?", "resetDropTitle": "Reset drop", "scoreBarLabel": "You got :num out of :total points", "showSolution": "Show solution", "submitAnswer": "Submit", "taskDescription": "Trage die W\u00f6rter in den L\u00fcckentext ein.", "textField": "Es gibt viele *Mythen* und *Fehlinformationen* \u00fcber Viren, wie z.B. dass *Antibiotika* gegen Viren wirken oder dass *Vitamin-C* eine Grippe heilen kann. \ud83d\ude45\u200d\u2642\ufe0f\ud83d\udc40", "tipLabel": "Show tip", "tryAgain": "Retry"}, "subContentId": "4a04a6ab-743a-11f0-9bbe-e4c76722b383"}, "alwaysDisplayComments": false, "backgroundOpacity": 0, "buttonSize": "big", "displayAsButton": false, "goToSlideType": "specified", "height": 75, "invisible": false, "solution": "", "width": 80, "x": 10, "y": 20}]},
        {"elements": [{"action": {"library": "H5P.AdvancedText 1.1", "metadata": {"contentType": "Text", "license": "U", "title": "Unbenannt: Text"}, "params": {"text": "\u003ch2\u003eVirus-Pr\u00e4vention\u003c/h2\u003e"}, "subContentId": "4a04ae92-743a-11f0-ba2a-e4c76722b383"}, "alwaysDisplayComments": false, "backgroundOpacity": 0, "buttonSize": "big", "displayAsButton": false, "goToSlideType": "specified", "height": 10, "invisible": false, "solution": "", "width": 90, "x": 5, "y": 5}, {"action": {"library": "H5P.Dialogcards 1.9", "metadata": {"contentType": "Dialog Cards", "license": "U", "title": "Lernziele"}, "params": {"answer": "Umdrehen", "audioNotSupported": "Dein Browser unterst\u00fctzt diese Tondatei nicht", "behaviour": {"disableBackwardsNavigation": false, "enableRetry": true, "maxProficiency": 5, "quickProgression": false, "randomCards": false, "scaleTextNotCard": false}, "cardBackLabel": "Kartenr\u00fcckseite", "cardFrontLabel": "Kartenvorderseite", "cardsLeft": "Verbleibende Karten: @number", "confirmStartingOver": {"body": "Dein gesamter Fortschritt bisher wird gel\u00f6scht. Bist du sicher, dass du von vorne anfangen m\u00f6chtest?", "cancelLabel": "Abbrechen", "confirmLabel": "Ja, von vorne anfangen", "header": "Von vorne anfangen?"}, "correctAnswer": "Ich hatte es richtig!", "description": "", "dialogs": [{"answer": "\u003cp\u003e\u003cstrong\u003eAntwort:\u003c/strong\u003e\u003c/p\u003e\u003cp\u003eRegelm\u00e4\u00dfiges *H\u00e4ndewaschen*, *soziale Distanz* und *Maskentragen* k\u00f6nnen helfen, die Ausbreitung von Viren zu verhindern.\u003c/p\u003e", "text": "\u003cp\u003eWie kann man die Ausbreitung von Viren verhindern?\u003c/p\u003e", "tips": {}}], "incorrectAnswer": "Ich hatte es falsch!", "mode": "normal", "next": "Weiter", "nextRound": "Weiter mit Runde @round", "prev": "Zur\u00fcck", "progressText": "Karte @card von @total", "retry": "Wiederholen", "round": "Runde @round", "showSummary": "Weiter", "startOver": "Von vorne anfangen", "summary": "Zusammenfassung", "summaryAllDone": "Gut gemacht! Du hattest alle @cards Karten @max -mal hintereinander richtig!", "summaryCardsCompleted": "Karten, die du fertig gelernt hast:", "summaryCardsNotShown": "Nicht angezeigt Karten:", "summaryCardsRight": "Richtige Karten:", "summaryCardsWrong": "Falsche Karten:", "summaryCompletedRounds": "Abgeschlossene Runden:", "summaryOverallScore": "Gesamtpunkte", "tipButtonLabel": "Tipp anzeigen", "title": ""}, "subContentId": "4a04b3cc-743a-11f0-b875-e4c76722b383"}, "height": 75, "width": 80, "x": 10, "y": 20}]},
        {"elements": [{"action": {"library": "H5P.AdvancedText 1.1", "metadata": {"contentType": "Text", "license": "U", "title": "Unbenannt: Text"}, "params": {"text": "\u003ch2\u003eVirus-Diagnose\u003c/h2\u003e"}, "subContentId": "4a04bce9-743a-11f0-873f-e4c76722b383"}, "alwaysDisplayComments": false, "backgroundOpacity": 0, "buttonSize": "big", "displayAsButton": false, "goToSlideType": "specified", "height": 10, "invisible": false, "solution": "", "width": 90, "x": 5, "y": 5}, {"action": {"library": "H5P.SingleChoiceSet 1.11", "metadata": {"contentType": "Single Choice Set", "license": "U", "title": "Teste Dein Wissen!"}, "params": {"behaviour": {"autoContinue": true, "enableRetry": true, "enableSolutionsButton": true, "passPercentage": 100, "soundEffectsEnabled": true, "timeoutCorrect": 2000, "timeoutWrong": 3000}, "choices": [{"answers": ["Bluttest", "R\u00f6ntgen", "Ultraschall", "MRT"], "question": "Welche Methode wird verwendet, um eine Virus-Infektion zu diagnostizieren?", "subContentId": "4a04c225-743a-11f0-ab69-e4c76722b383"}], "l10n": {"a11yRetry": "Die Aufgabe wiederholen. Alle Versuche werden zur\u00fcckgesetzt und die Aufgabe wird erneut gestartet.", "a11yShowSolution": "Die L\u00f6sung anzeigen. Die richtigen L\u00f6sungen werden in der Aufgabe angezeigt.", "closeButtonLabel": "Schlie\u00dfen", "correctText": "Richtig!", "incorrectText": "Falsch!", "muteButtonLabel": "Stumm schalten", "nextButtonLabel": "Weiter", "retryButtonLabel": "Wiederholen", "scoreBarLabel": "Du hast :num von :total Punkten erreicht.", "shouldNotSelect": "H\u00e4tte nicht gew\u00e4hlt werden sollen", "shouldSelect": "H\u00e4tte gew\u00e4hlt werden m\u00fcssen", "showSolutionButtonLabel": "L\u00f6sung anzeigen", "slideOfTotal": "Seite :num von :total", "solutionListQuestionNumber": "Frage :num", "solutionViewTitle": "L\u00f6sung"}, "overallFeedback": [{"feedback": "Da ist noch ganz sch\u00f6n viel Luft nach oben!", "from": 0, "to": 50}, {"feedback": "Das ist schon ganz gut, aber noch nicht perfekt!", "from": 51, "to": 80}, {"feedback": "Sehr gut!", "from": 81, "to": 90}, {"feedback": "Ausgezeichnet!", "from": 91, "to": 99}, {"feedback": "Excellent!", "from": 100, "to": 100}]}, "subContentId": "4a04c2df-743a-11f0-90ae-e4c76722b383"}, "alwaysDisplayComments": false, "backgroundOpacity": 0, "buttonSize": "big", "displayAsButton": false, "goToSlideType": "specified", "height": 75, "invisible": false, "solution": "", "width": 80, "x": 10, "y": 20}]},
        {"elements": [{"action": {"library": "H5P.AdvancedText 1.1", "metadata": {"contentType": "Text", "license": "U", "title": "Unbenannt: Text"}, "params": {"text": "\u003ch2\u003eVirus-Therapie\u003c/h2\u003e"}, "subContentId": "4a04d193-743a-11f0-a01e-e4c76722b383"}, "alwaysDisplayComments": false, "backgroundOpacity": 0, "buttonSize": "big", "displayAsButton": false, "goToSlideType": "specified", "height": 10, "invisible": false, "solution": "", "width": 90, "x": 5, "y": 5}, {"action": {"library": "H5P.AdvancedText 1.1", "metadata": {"contentType": "Text", "license": "U", "title": "Unbenannt: Text"}, "params": {"text": "Die Therapie bei einer Virus-Infektion h\u00e4ngt von der Art des Virus und der Schwere der Symptome ab. \ud83e\uddec\ud83d\udc68\u200d\u2695\ufe0f"}, "subContentId": "4a04d85c-743a-11f0-ab5d-e4c76722b383"}, "alwaysDisplayComments": false, "backgroundOpacity": 0, "buttonSize": "big", "displayAsButton": false, "goToSlideType": "specified", "height": 75, "invisible": false, "solution": "", "width": 80, "x": 10, "y": 20}]}
        
    ],
    "keywordListEnabled": true,
    "globalBackgroundSelector": {
      "fillGlobalBackground": ""
    },
    "keywordListAlwaysShow": false,
    "keywordListAutoHide": false,
    "keywordListOpacity": 90
  },
  "override": {
    "activeSurface": false,
    "hideSummarySlide": false,
    "summarySlideSolutionButton": true,
    "summarySlideRetryButton": true,
    "enablePrintButton": false,
    "social": {
      "showFacebookShare": false,
      "facebookShare": {
        "url": "@currentpageurl",
        "quote": "Ich habe @score von @maxScore Punkten bei der Aufgabe @currentpageurl erreicht."
      },
      "showTwitterShare": false,
      "twitterShare": {
        "statement": "Ich habe @score von @maxScore Punkten bei der Aufgabe @currentpageurl erreicht.",
        "url": "@currentpageurl",
        "hashtags": "h5p, Kurs"
      },
      "showGoogleShare": false,
      "googleShareUrl": "@currentpageurl"
    }
  },
  "l10n": {
    "slide": "Folie",
    "score": "Punktzahl",
    "yourScore": "Deine Punktzahl",
    "maxScore": "Maximale Punktzahl",
    "total": "Summe",
    "totalScore": "Gesamtpunktzahl",
    "showSolutions": "Lösungen anzeigen",
    "retry": "Wiederholen",
    "exportAnswers": "Text exportieren",
    "hideKeywords": "Stichwortliste verbergen",
    "showKeywords": "Stichwortliste anzeigen",
    "fullscreen": "Vollbild",
    "exitFullscreen": "Vollbild beenden",
    "prevSlide": "Vorherige Folie",
    "nextSlide": "Nächste Folie",
    "currentSlide": "Aktuelle Folie",
    "lastSlide": "Letzte Folie",
    "solutionModeTitle": "Lösungsmodus beenden",
    "solutionModeText": "Lösungsmodus",
    "summaryMultipleTaskText": "Mehrere Aufgaben",
    "scoreMessage": "Du hast erreicht:",
    "shareFacebook": "Auf Facebook teilen",
    "shareTwitter": "Auf Twitter teilen",
    "shareGoogle": "Auf Google+ teilen",
    "summary": "Zusammenfassung",
    "solutionsButtonTitle": "Kommentare anzeigen",
    "printTitle": "Drucken",
    "printIngress": "Wie möchtest du diese Präsentation drucken?",
    "printAllSlides": "Alle Folien drucken",
    "printCurrentSlide": "Aktuelle Folie drucken",
    "noTitle": "Kein Titel",
    "accessibilitySlideNavigationExplanation": "Verwende die linke oder rechte Cursortaste, um zur Folie in der jeweiligen Richtung zu blättern, wenn der Präsentationsbereich ausgewählt ist.",
    "accessibilityCanvasLabel": "Präsentationsbereich. Verwende die linke oder rechte Cursortaste, um zwischen den Folien zu navigieren.",
    "accessibilityProgressBarLabel": "Wähle das zu zeigende Schaubild",
    "containsNotCompleted": "@slideName enthält eine nicht abgeschlossene Interaktion",
    "containsCompleted": "@slideName wurde abgeschlossen",
    "slideCount": "Folie @index von @total",
    "containsOnlyCorrect": "@slideName enthält nur richtige Antworten",
    "containsIncorrectAnswers": "@slideName enthält falsche Antworten",
    "shareResult": "Ergebnis teilen",
    "accessibilityTotalScore": "Du hast insgesamt @score von @maxScore Punkten erreicht.",
    "accessibilityEnteredFullscreen": "Vollbild aktiviert",
    "accessibilityExitedFullscreen": "Vollbild deaktiviert",
    "confirmDialogHeader": "Antworten übermitteln",
    "confirmDialogText": "Damit werden deine Ergebnisse übermittelt. Möchtest du fortfahren?",
    "confirmDialogConfirmText": "Senden und Ergebnisse ansehen",
    "slideshowNavigationLabel": "Schaubild-Navigation"
  }
}